cluster,avg_recency,avg_frequency,avg_monetary,avg_unique_prods,avg_reorder_rate,count,composite,segment
2,5.765084113085361,64.8389088012744,826.0592393468737,210.43916766228594,0.730636969157243,10044,53560.779684462046,Champions
4,9.60480177780149,32.50855917929873,347.24719032307456,125.38845506048078,0.6197262712488555,32655,11288.505836462879,Loyal Customers
1,13.875019747243293,14.73387900355872,121.78692170818505,51.62343416370107,0.5779914844525603,56200,1794.3937686642773,Potential Loyalists
0,11.766959633221502,7.181289607428942,61.38874364712526,43.77596051283124,0.2657309768011911,47813,440.8503467662201,At-Risk
3,23.906808884128512,5.557624754189287,50.73512950232785,35.387414491486965,0.27513142375111166,59497,281.96681162913643,Hibernating
